CHROM,POS,REF,ALT,QUAL,834927.GT,834927.AD,834927.GQ,834931.GT,834931.AD,834931.GQ,ChrmSortID
2,2261854,T,C,2642.09,C/C,"0,40",99.0,C/C,"0,42",99.0,1
2,2464246,A,G,1336.0899999999995,G/G,"0,22",66.0,G/G,"0,18",54.0,1
2,3568152,C,G,5986.09,G/G,"0,75",99.0,G/G,"0,87",99.0,1
2,3583204,G,A,4725.09,A/A,"0,64",99.0,A/A,"0,60",99.0,1
2,3600254,A,C,5431.09,C/C,"0,70",99.0,C/C,"0,79",99.0,1
2,3622167,T,C,1128.09,C/C,"0,20",60.0,C/C,"0,12",36.0,1
3,1951338,C,T,1390.08,T/T,"0,21",63.0,T/T,"0,11",33.0,2
4,3216370,C,G,907.07,G/G,"0,10",30.0,G/G,"0,11",33.0,3
4,3473237,C,A,4513.09,A/A,"0,43",99.0,A/A,"0,58",99.0,3
4,3473238,G,C,4513.09,C/C,"0,42",99.0,C/C,"0,58",99.0,3
4,3473486,C,A,3595.09,A/A,"0,41",99.0,A/A,"0,56",99.0,3
4,3473548,A,T,3163.09,T/T,"0,36",99.0,T/T,"0,47",99.0,3
4,3588545,C,G,1796.0899999999995,G/G,"0,31",96.0,G/G,"0,15",45.0,3
4,3609374,C,T,1874.09,T/T,"0,19",57.0,T/T,"0,23",69.0,3
4,3609375,A,C,1874.09,C/C,"0,19",57.0,C/C,"0,23",69.0,3
4,3609382,G,T,1940.09,T/T,"0,20",60.0,T/T,"0,24",72.0,3
4,3613722,G,T,2206.09,T/T,"0,24",75.0,T/T,"0,26",78.0,3
4,3637363,G,T,4845.09,T/T,"0,50",99.0,T/T,"0,57",99.0,3
4,3637370,A,T,4739.09,T/T,"0,47",99.0,T/T,"0,57",99.0,3
4,3637374,A,T,4619.09,T/T,"0,46",99.0,T/T,"0,56",99.0,3
4,3637378,C,T,4664.09,T/T,"0,46",99.0,T/T,"0,55",99.0,3
4,3637387,C,G,4529.09,G/G,"0,38",99.0,G/G,"0,42",99.0,3
4,3637389,A,T,3674.09,T/T,"0,37",99.0,T/T,"0,40",99.0,3
4,3637392,A,T,3688.09,T/T,"0,39",99.0,T/T,"0,40",99.0,3
4,3637395,G,T,4262.09,T/T,"0,41",99.0,T/T,"0,42",99.0,3
4,3661506,G,T,5020.09,T/T,"0,54",99.0,T/T,"0,66",99.0,3
4,3661523,C,T,4018.09,T/T,"0,23",99.0,T/T,"0,32",99.0,3
4,3661526,C,T,2369.09,T/T,"0,22",66.0,T/T,"0,31",93.0,3
4,3661529,C,T,2504.09,T/T,"0,22",72.0,T/T,"0,31",96.0,3
4,3661531,C,T,3629.09,T/T,"0,24",99.0,T/T,"0,32",99.0,3
4,3661542,C,A,4022.09,A/A,"0,38",99.0,A/A,"0,51",99.0,3
4,3661544,A,T,4022.09,T/T,"0,38",99.0,T/T,"0,52",99.0,3
4,3678259,A,T,2989.09,T/T,"0,33",99.0,T/T,"0,28",93.0,3
4,3773064,G,T,605.96,T/T,"0,7",21.0,T/T,"0,6",21.0,3
4,3776319,C,T,2164.09,T/T,"0,35",99.0,T/T,"0,24",72.0,3
4,3776330,C,A,1879.09,A/A,"0,28",84.0,A/A,"0,25",74.0,3
4,3776517,T,A,1418.09,A/A,"0,23",69.0,A/A,"0,16",48.0,3
4,3881451,C,G,1367.07,G/G,"0,22",66.0,G/G,"0,9",27.0,3
4,3881452,A,C,1412.07,C/C,"0,21",69.0,C/C,"0,9",27.0,3
4,3881456,C,G,1413.07,G/G,"0,22",69.0,G/G,"0,9",27.0,3
4,4109127,C,T,1757.09,T/T,"0,18",54.0,T/T,"0,23",69.0,3
4,4109232,A,T,1056.09,T/T,"0,12",36.0,T/T,"0,14",42.0,3
4,4109818,A,T,1227.09,T/T,"0,17",51.0,T/T,"0,14",42.0,3
4,4124730,C,G,943.08,G/G,"0,11",33.0,G/G,"0,15",45.0,3
4,4249467,G,T,1653.09,T/T,"0,21",63.0,T/T,"0,25",75.0,3
4,4257666,G,T,2584.09,T/T,"0,35",99.0,T/T,"0,35",99.0,3
4,4721439,A,T,6275.09,T/T,"0,60",99.0,T/T,"0,95",99.0,3
4,5072528,C,T,703.02,T/T,"0,5",21.0,T/T,"0,11",33.0,3
4,5072535,A,T,851.05,T/T,"0,7",24.0,T/T,"0,10",36.0,3
4,5072542,G,T,625.06,T/T,"0,9",27.0,T/T,"0,10",30.0,3
4,5074078,G,C,1289.08,C/C,"0,9",30.0,C/C,"0,18",57.0,3
4,5074081,G,T,1559.09,T/T,"0,8",36.0,T/T,"0,20",69.0,3
